Workflow run at Sat Jun 21 14:52:45 UTC 2025
Workflow run at Sun Jun 22 07:42:45 UTC 2025
Workflow run at Mon Jun 23 07:48:50 UTC 2025
Workflow run at Tue Jun 24 07:47:31 UTC 2025
Workflow run at Wed Jun 25 07:42:50 UTC 2025
Workflow run at Thu Jun 26 07:41:49 UTC 2025
Workflow run at Fri Jun 27 07:41:40 UTC 2025
Workflow run at Sat Jun 28 07:40:31 UTC 2025
Workflow run at Sun Jun 29 07:40:34 UTC 2025
Workflow run at Mon Jun 30 07:42:49 UTC 2025
Workflow run at Tue Jul  1 07:43:41 UTC 2025
Workflow run at Wed Jul  2 07:42:23 UTC 2025
Workflow run at Thu Jul  3 07:42:00 UTC 2025
Workflow run at Fri Jul  4 07:42:46 UTC 2025
Workflow run at Sat Jul  5 07:40:11 UTC 2025
Workflow run at Sun Jul  6 07:39:49 UTC 2025
Workflow run at Mon Jul  7 07:42:59 UTC 2025
Workflow run at Tue Jul  8 07:43:09 UTC 2025
Workflow run at Wed Jul  9 07:43:29 UTC 2025
Workflow run at Thu Jul 10 07:42:50 UTC 2025
Workflow run at Fri Jul 11 07:45:01 UTC 2025
Workflow run at Sat Jul 12 07:41:52 UTC 2025
Workflow run at Sun Jul 13 07:41:36 UTC 2025
Workflow run at Mon Jul 14 07:45:22 UTC 2025
Workflow run at Tue Jul 15 07:44:31 UTC 2025
Workflow run at Wed Jul 16 07:44:24 UTC 2025
Workflow run at Thu Jul 17 07:43:50 UTC 2025
Workflow run at Fri Jul 18 07:45:28 UTC 2025
Workflow run at Sat Jul 19 07:41:14 UTC 2025
Workflow run at Sun Jul 20 07:41:11 UTC 2025
Workflow run at Mon Jul 21 07:49:07 UTC 2025
Workflow run at Tue Jul 22 07:44:43 UTC 2025
Workflow run at Wed Jul 23 07:46:12 UTC 2025
Workflow run at Thu Jul 24 07:45:18 UTC 2025
Workflow run at Fri Jul 25 07:44:25 UTC 2025
Workflow run at Sat Jul 26 07:41:34 UTC 2025
Workflow run at Sun Jul 27 07:41:17 UTC 2025
Workflow run at Mon Jul 28 07:46:47 UTC 2025
Workflow run at Tue Jul 29 07:46:27 UTC 2025
Workflow run at Wed Jul 30 07:47:05 UTC 2025
Workflow run at Thu Jul 31 07:45:26 UTC 2025
Workflow run at Fri Aug  1 07:47:16 UTC 2025
Workflow run at Sat Aug  2 07:41:27 UTC 2025
Workflow run at Sun Aug  3 07:41:59 UTC 2025
Workflow run at Mon Aug  4 07:50:18 UTC 2025
Workflow run at Tue Aug  5 07:47:58 UTC 2025
Workflow run at Wed Aug  6 07:47:59 UTC 2025
Workflow run at Thu Aug  7 07:47:12 UTC 2025
Workflow run at Fri Aug  8 07:46:35 UTC 2025
Workflow run at Sat Aug  9 07:40:50 UTC 2025
Workflow run at Sun Aug 10 07:40:57 UTC 2025
Workflow run at Mon Aug 11 07:45:57 UTC 2025
Workflow run at Tue Aug 12 07:42:11 UTC 2025
Workflow run at Wed Aug 13 07:42:57 UTC 2025
Workflow run at Thu Aug 14 07:42:19 UTC 2025
Workflow run at Fri Aug 15 07:41:35 UTC 2025
Workflow run at Sat Aug 16 07:39:57 UTC 2025
Workflow run at Sun Aug 17 07:40:39 UTC 2025
Workflow run at Mon Aug 18 07:43:51 UTC 2025
Workflow run at Tue Aug 19 07:41:25 UTC 2025
Workflow run at Wed Aug 20 07:41:45 UTC 2025
Workflow run at Thu Aug 21 07:41:01 UTC 2025
Workflow run at Fri Aug 22 07:40:06 UTC 2025
Workflow run at Sat Aug 23 07:38:07 UTC 2025
Workflow run at Sun Aug 24 07:39:11 UTC 2025
Workflow run at Mon Aug 25 07:40:53 UTC 2025
Workflow run at Tue Aug 26 07:41:14 UTC 2025
Workflow run at Wed Aug 27 07:39:28 UTC 2025
Workflow run at Thu Aug 28 07:40:52 UTC 2025
Workflow run at Fri Aug 29 07:39:11 UTC 2025
Workflow run at Sat Aug 30 07:38:10 UTC 2025
Workflow run at Sun Aug 31 07:38:08 UTC 2025
Workflow run at Mon Sep  1 07:40:40 UTC 2025
Workflow run at Tue Sep  2 07:40:59 UTC 2025
Workflow run at Wed Sep  3 07:39:48 UTC 2025
Workflow run at Thu Sep  4 07:38:34 UTC 2025
Workflow run at Fri Sep  5 07:38:48 UTC 2025
Workflow run at Sat Sep  6 07:38:29 UTC 2025
Workflow run at Sun Sep  7 07:38:15 UTC 2025
Workflow run at Mon Sep  8 07:40:10 UTC 2025
Workflow run at Tue Sep  9 07:40:02 UTC 2025
Workflow run at Wed Sep 10 07:39:20 UTC 2025
Workflow run at Thu Sep 11 07:39:15 UTC 2025
Workflow run at Fri Sep 12 07:38:50 UTC 2025
Workflow run at Sat Sep 13 07:38:17 UTC 2025
Workflow run at Sun Sep 14 07:38:13 UTC 2025
Workflow run at Mon Sep 15 07:40:07 UTC 2025
Workflow run at Tue Sep 16 07:39:20 UTC 2025
Workflow run at Wed Sep 17 07:39:47 UTC 2025
Workflow run at Thu Sep 18 07:38:45 UTC 2025
Workflow run at Fri Sep 19 07:38:52 UTC 2025
Workflow run at Sat Sep 20 07:38:36 UTC 2025
Workflow run at Sun Sep 21 07:38:06 UTC 2025
Workflow run at Mon Sep 22 07:40:18 UTC 2025
Workflow run at Tue Sep 23 07:39:58 UTC 2025
Workflow run at Wed Sep 24 07:40:33 UTC 2025
Workflow run at Thu Sep 25 07:40:19 UTC 2025
Workflow run at Fri Sep 26 07:39:59 UTC 2025
Workflow run at Sat Sep 27 07:37:51 UTC 2025
Workflow run at Sun Sep 28 07:38:12 UTC 2025
Workflow run at Mon Sep 29 07:40:47 UTC 2025
Workflow run at Tue Sep 30 07:40:35 UTC 2025
Workflow run at Wed Oct  1 07:40:38 UTC 2025
Workflow run at Thu Oct  2 07:38:20 UTC 2025
Workflow run at Fri Oct  3 07:38:38 UTC 2025
Workflow run at Sat Oct  4 07:38:07 UTC 2025
Workflow run at Sun Oct  5 07:37:55 UTC 2025
Workflow run at Mon Oct  6 07:40:27 UTC 2025
Workflow run at Tue Oct  7 07:39:07 UTC 2025
Workflow run at Wed Oct  8 07:39:49 UTC 2025
Workflow run at Thu Oct  9 07:39:19 UTC 2025
Workflow run at Fri Oct 10 07:39:02 UTC 2025
Workflow run at Sat Oct 11 07:38:28 UTC 2025
Workflow run at Sun Oct 12 07:38:14 UTC 2025
Workflow run at Mon Oct 13 07:40:45 UTC 2025
Workflow run at Tue Oct 14 07:39:54 UTC 2025
Workflow run at Wed Oct 15 07:41:12 UTC 2025
Workflow run at Thu Oct 16 07:40:38 UTC 2025
Workflow run at Fri Oct 17 07:40:00 UTC 2025
Workflow run at Sat Oct 18 07:38:18 UTC 2025
Workflow run at Sun Oct 19 07:38:13 UTC 2025
Workflow run at Mon Oct 20 07:40:17 UTC 2025
Workflow run at Tue Oct 21 07:40:38 UTC 2025
Workflow run at Wed Oct 22 07:41:05 UTC 2025
Workflow run at Thu Oct 23 07:40:40 UTC 2025
Workflow run at Fri Oct 24 07:39:35 UTC 2025
Workflow run at Sat Oct 25 07:38:11 UTC 2025
Workflow run at Sun Oct 26 07:38:12 UTC 2025
Workflow run at Mon Oct 27 07:40:32 UTC 2025
Workflow run at Tue Oct 28 07:40:47 UTC 2025
Workflow run at Wed Oct 29 07:41:06 UTC 2025
Workflow run at Thu Oct 30 07:39:53 UTC 2025
Workflow run at Fri Oct 31 07:39:42 UTC 2025
Workflow run at Sat Nov  1 07:38:07 UTC 2025
Workflow run at Sun Nov  2 07:38:24 UTC 2025
Workflow run at Mon Nov  3 07:40:59 UTC 2025
Workflow run at Tue Nov  4 07:41:25 UTC 2025
Workflow run at Wed Nov  5 07:41:30 UTC 2025
Workflow run at Thu Nov  6 07:40:21 UTC 2025
Workflow run at Fri Nov  7 07:40:45 UTC 2025
Workflow run at Sat Nov  8 07:38:15 UTC 2025
Workflow run at Sun Nov  9 07:38:35 UTC 2025
Workflow run at Mon Nov 10 07:40:41 UTC 2025
Workflow run at Tue Nov 11 07:41:28 UTC 2025
Workflow run at Wed Nov 12 07:41:40 UTC 2025
Workflow run at Thu Nov 13 07:41:04 UTC 2025
Workflow run at Fri Nov 14 07:41:03 UTC 2025
Workflow run at Sat Nov 15 07:37:55 UTC 2025
Workflow run at Sun Nov 16 07:38:42 UTC 2025
Workflow run at Mon Nov 17 07:41:09 UTC 2025
Workflow run at Tue Nov 18 07:41:04 UTC 2025
Workflow run at Wed Nov 19 07:41:43 UTC 2025
Workflow run at Thu Nov 20 07:40:53 UTC 2025
Workflow run at Fri Nov 21 07:40:51 UTC 2025
Workflow run at Sat Nov 22 07:38:46 UTC 2025
Workflow run at Sun Nov 23 07:39:11 UTC 2025
Workflow run at Mon Nov 24 07:41:00 UTC 2025
Workflow run at Tue Nov 25 07:41:03 UTC 2025
Workflow run at Wed Nov 26 07:41:19 UTC 2025
Workflow run at Thu Nov 27 07:41:39 UTC 2025
Workflow run at Fri Nov 28 07:41:00 UTC 2025
Workflow run at Sat Nov 29 07:39:51 UTC 2025
Workflow run at Sun Nov 30 07:38:20 UTC 2025
Workflow run at Mon Dec  1 07:43:46 UTC 2025
Workflow run at Tue Dec  2 07:43:00 UTC 2025
Workflow run at Wed Dec  3 07:43:08 UTC 2025
Workflow run at Thu Dec  4 07:41:57 UTC 2025
Workflow run at Fri Dec  5 07:41:23 UTC 2025
Workflow run at Sat Dec  6 07:39:31 UTC 2025
Workflow run at Sun Dec  7 07:39:20 UTC 2025
Workflow run at Mon Dec  8 07:44:10 UTC 2025
Workflow run at Tue Dec  9 07:43:14 UTC 2025
Workflow run at Wed Dec 10 07:44:18 UTC 2025
Workflow run at Thu Dec 11 07:44:06 UTC 2025
Workflow run at Fri Dec 12 07:43:29 UTC 2025
Workflow run at Sat Dec 13 07:40:40 UTC 2025
Workflow run at Sun Dec 14 07:39:55 UTC 2025
Workflow run at Mon Dec 15 07:45:13 UTC 2025
Workflow run at Tue Dec 16 07:44:43 UTC 2025
